Vehicle,Blank1,All_MPG,Blank2,Combined_MPG,MPG_Type,City_MPG,HWY_MPG,Blank3,Text1,Text_city,Text_hwy,Fuel_Rate,Text2,Blank4,Annual_Fuel_Cost,MSRP,Car_Spec1,Car_Spec2,Total_Range
"2022 Ford Mustang 2.3 L, 4 cyl, Automatic (S10), Turbo, Regular Gasoline",,25MPG2132combined city/hwycityhwy4.0 gal/100 mi,,25,MPG,21,32,,combined city/hwy,city,hwy,4.0 gal/100 mi,NA,,"$2,100","$27,470 – $43,065",11.9 barrels/yr,354 grams/mile, 398 milesTotal Range
"2022 Cadillac CT4 2.7 L, 4 cyl, Automatic (S10), Turbo, Premium Gasoline",,25MPG2131combined city/hwycityhwy4.0 gal/100 mi,,25,MPG,21,31,,combined city/hwy,city,hwy,4.0 gal/100 mi,NA,,"$2,600","$33,695 – $39,795",11.9 barrels/yr,356 grams/mile, 425 milesTotal Range
"2022 Lexus IS 300 2.0 L, 4 cyl, Automatic (S8), Turbo, Premium Gasoline",,25MPG2131combined city/hwycityhwy4.0 gal/100 mi,,25,MPG,21,31,,combined city/hwy,city,hwy,4.0 gal/100 mi,NA,,"$2,600","$39,125",11.9 barrels/yr,356 grams/mile, 435 milesTotal Range
"2022 Lexus RC 300 2.0 L, 4 cyl, Automatic (S8), Turbo, Premium Gasoline",,25MPG2131combined city/hwycityhwy4.0 gal/100 mi,,25,MPG,21,31,,combined city/hwy,city,hwy,4.0 gal/100 mi,NA,,"$2,600","$42,820 – $47,290",11.9 barrels/yr,356 grams/mile, 435 milesTotal Range
"2022 Toyota GR 86 2.4 L, 4 cyl, Automatic (S6), Premium Gasoline",,25MPG2131combined city/hwycityhwy4.0 gal/100 mi,,25,MPG,21,31,,combined city/hwy,city,hwy,4.0 gal/100 mi,NA,,"$2,600","$27,700 – $31,800",11.9 barrels/yr,360 grams/mile, 310 milesTotal Range
"2022 Subaru BRZ 2.4 L, 4 cyl, Automatic (S6), Premium Gasoline",,25MPG2130combined city/hwycityhwy4.0 gal/100 mi,,25,MPG,21,30,,combined city/hwy,city,hwy,4.0 gal/100 mi,NA,,"$2,600","$27,995 – $32,295",11.9 barrels/yr,362 grams/mile,Range not available
"2022 Volvo XC90 T5 2.0 L, 4 cyl, Automatic (S8), Turbo, Premium Gasoline",,25MPG2130combined city/hwycityhwy4.0 gal/100 mi,,25,MPG,21,30,,combined city/hwy,city,hwy,4.0 gal/100 mi,16.0,,"$2,600","$50,900",11.9 barrels/yr,361 grams/mile, 470 milesTotal Range
"2022 Kia Sorento AWD 2.5 L, 4 cyl, Automatic (S8), Regular Gasoline",,24MPG2325combined city/hwycityhwy4.2 gal/100 mi,,24,MPG,23,25,,combined city/hwy,city,hwy,4.2 gal/100 mi,NA,,"$2,200","$31,390 – $43,190",12.4 barrels/yr,366 grams/mile, 425 milesTotal Range
"2022 Cadillac XT4 AWD 2.0 L, 4 cyl, Automatic (S9), Turbo, Premium Gasoline",,24MPG2229combined city/hwycityhwy4.2 gal/100 mi,,24,MPG,22,29,,combined city/hwy,city,hwy,4.2 gal/100 mi,NA,,"$2,700","$38,295 – $42,395",12.4 barrels/yr,364 grams/mile, 391 milesTotal Range
"2022 Cadillac XT5 FWD 2.0 L, 4 cyl, Automatic (S9), Turbo, Premium Gasoline",,24MPG2229combined city/hwycityhwy4.2 gal/100 mi,,24,MPG,22,29,,combined city/hwy,city,hwy,4.2 gal/100 mi,NA,,"$2,700","$43,995 – $48,795",12.4 barrels/yr,370 grams/mile, 456 milesTotal Range
"2022 Acura RDX FWD 2.0 L, 4 cyl, Automatic (S10), Turbo, Premium Gasoline",,24MPG2228combined city/hwycityhwy4.2 gal/100 mi,,24,MPG,22,28,,combined city/hwy,city,hwy,4.2 gal/100 mi,NA,,"$2,700","$40,600 – $43,250",12.4 barrels/yr,370 grams/mile, 410 milesTotal Range
"2022 Alfa Romeo Stelvio AWD 2.0 L, 4 cyl, Automatic 8-spd, Turbo, Premium Gasoline",,24MPG2228combined city/hwycityhwy4.2 gal/100 mi,,24,MPG,22,28,,combined city/hwy,city,hwy,4.2 gal/100 mi,NA,,"$2,700","$47,550 – $84,650",12.4 barrels/yr,364 grams/mile, 406 milesTotal Range
"2022 Genesis GV70 AWD 2.5 L, 4 cyl, Automatic (S8), Turbo, Premium Gasoline",,24MPG2228combined city/hwycityhwy4.2 gal/100 mi,,24,MPG,22,28,,combined city/hwy,city,hwy,4.2 gal/100 mi,NA,,"$2,700","$41,500 – $53,100",12.4 barrels/yr,368 grams/mile, 418 milesTotal Range
"2022 Volvo XC60 B5 AWD 2.0 L, 4 cyl, Automatic (S8), Turbo, Premium Gasoline",,24MPG2228combined city/hwycityhwy4.2 gal/100 mi,,24,MPG,22,28,,combined city/hwy,city,hwy,4.2 gal/100 mi,NA,,"$2,700","$44,950 – $52,450",12.4 barrels/yr,360 grams/mile, 451 milesTotal Range
"2022 Acura RDX FWD A-SPEC 2.0 L, 4 cyl, Automatic (S10), Turbo, Premium Gasoline",,24MPG2227combined city/hwycityhwy4.2 gal/100 mi,,24,MPG,22,27,,combined city/hwy,city,hwy,4.2 gal/100 mi,NA,,"$2,700","$46,250",12.4 barrels/yr,375 grams/mile, 410 milesTotal Range
"2022 Chevrolet Blazer AWD 2.0 L, 4 cyl, Automatic 9-spd, Turbo, Regular Gasoline",,24MPG2227combined city/hwycityhwy4.2 gal/100 mi,,24,MPG,22,27,,combined city/hwy,city,hwy,4.2 gal/100 mi,NA,,"$2,200","$36,100 – $44,000",12.4 barrels/yr,368 grams/mile, 521 milesTotal Range
"2022 GMC Acadia AWD 2.0 L, 4 cyl, Automatic 9-spd, Turbo, Regular Gasoline",,24MPG2227combined city/hwycityhwy4.2 gal/100 mi,,24,MPG,22,27,,combined city/hwy,city,hwy,4.2 gal/100 mi,26.0,,"$2,200","$37,100 – $48,600",12.4 barrels/yr,368 grams/mile, 521 milesTotal Range
"2022 Jaguar F-Pace 2.0 L, 4 cyl, Automatic (S8), Turbo, Premium Gasoline",,24MPG2227combined city/hwycityhwy4.2 gal/100 mi,,24,MPG,22,27,,combined city/hwy,city,hwy,4.2 gal/100 mi,NA,,"$2,700","$50,900 – $54,000",12.4 barrels/yr,365 grams/mile, 526 milesTotal Range
"2022 Jeep Renegade Trailhawk 4WD 1.3 L, 4 cyl, Automatic 9-spd, Turbo, Regular Gasoline",,24MPG2227combined city/hwycityhwy4.2 gal/100 mi,,24,MPG,22,27,,combined city/hwy,city,hwy,4.2 gal/100 mi,NA,,"$2,200","$30,945",12.4 barrels/yr,372 grams/mile, 305 milesTotal Range
"2022 Kia Sorento AWD 2.5 L, 4 cyl, Automatic (AM-S8), Turbo, Regular Gasoline",,24MPG2227combined city/hwycityhwy4.2 gal/100 mi,,24,MPG,22,27,,combined city/hwy,city,hwy,4.2 gal/100 mi,NA,,"$2,200","$31,390 – $43,190",12.4 barrels/yr,377 grams/mile, 425 milesTotal Range
"2022 Mazda CX-5 4WD 2.5 L, 4 cyl, Automatic (S6), Turbo, Regular Gasoline",,24MPG2227combined city/hwycityhwy4.2 gal/100 mi,,24,MPG,22,27,,combined city/hwy,city,hwy,4.2 gal/100 mi,23.0,,"$2,200","$26,250 – $39,000",12.4 barrels/yr,370 grams/mile, 367 milesTotal Range
"2022 Mercedes-Benz GLC300 2.0 L, 4 cyl, Automatic 9-spd, Turbo, Premium Gasoline",,24MPG2227combined city/hwycityhwy4.2 gal/100 mi,,24,MPG,22,27,,combined city/hwy,city,hwy,4.2 gal/100 mi,NA,,"$2,700","$43,850",12.4 barrels/yr,373 grams/mile, 418 milesTotal Range
"2022 Subaru Outback Wilderness AWD 2.4 L, 4 cyl, Automatic (AV-S8), Turbo, Regular Gasoline",,24MPG2226combined city/hwycityhwy4.2 gal/100 mi,,24,MPG,22,26,,combined city/hwy,city,hwy,4.2 gal/100 mi,22.2,,"$2,200","$37,695",12.4 barrels/yr,377 grams/mile, 444 milesTotal Range
"2022 Hyundai Santa Fe AWD 2.5 L, 4 cyl, Automatic (S8), Regular Gasoline",,24MPG2225combined city/hwycityhwy4.2 gal/100 mi,,24,MPG,22,25,,combined city/hwy,city,hwy,4.2 gal/100 mi,26.2,,"$2,200","$29,400",12.4 barrels/yr,378 grams/mile, 451 milesTotal Range
"2022 Genesis G70 RWD 2.0 L, 4 cyl, Automatic (S8), Turbo, Premium Gasoline",,24MPG2131combined city/hwycityhwy4.2 gal/100 mi,,24,MPG,21,31,,combined city/hwy,city,hwy,4.2 gal/100 mi,NA,,"$2,700","$37,775 – $52,750",12.4 barrels/yr,367 grams/mile, 379 milesTotal Range
"2022 Audi S4 3.0 L, 6 cyl, Automatic (S8), Turbo, Premium Gasoline",,24MPG2130combined city/hwycityhwy4.2 gal/100 mi,,24,MPG,21,30,,combined city/hwy,city,hwy,4.2 gal/100 mi,NA,,"$2,700","$51,900 – $60,200",12.4 barrels/yr,363 grams/mile, 367 milesTotal Range
"2022 Audi S5 Coupe 3.0 L, 6 cyl, Automatic (S8), Turbo, Premium Gasoline",,24MPG2130combined city/hwycityhwy4.2 gal/100 mi,,24,MPG,21,30,,combined city/hwy,city,hwy,4.2 gal/100 mi,NA,,"$2,700","$55,300 – $63,400",12.4 barrels/yr,363 grams/mile, 367 milesTotal Range
"2022 Audi S5 Sportback 3.0 L, 6 cyl, Automatic (S8), Turbo, Premium Gasoline",,24MPG2130combined city/hwycityhwy4.2 gal/100 mi,,24,MPG,21,30,,combined city/hwy,city,hwy,4.2 gal/100 mi,NA,,"$2,700","$55,300 – $63,700",12.4 barrels/yr,363 grams/mile, 367 milesTotal Range
"2022 Mercedes-Benz C300 4matic Convertible 2.0 L, 4 cyl, Automatic 9-spd, Turbo, Premium Gasoline",,24MPG2130combined city/hwycityhwy4.2 gal/100 mi,,24,MPG,21,30,,combined city/hwy,city,hwy,4.2 gal/100 mi,NA,,"$2,700","$57,400",12.4 barrels/yr,361 grams/mile, 418 milesTotal Range
"2022 Acura TLX AWD 2.0 L, 4 cyl, Automatic (S10), Turbo, Premium Gasoline",,24MPG2129combined city/hwycityhwy4.2 gal/100 mi,,24,MPG,21,29,,combined city/hwy,city,hwy,4.2 gal/100 mi,NA,,"$2,700","$41,100 – $49,900",12.4 barrels/yr,369 grams/mile, 382 milesTotal Range
"2022 Acura TLX AWD A-SPEC 2.0 L, 4 cyl, Automatic (S10), Turbo, Premium Gasoline",,24MPG2129combined city/hwycityhwy4.2 gal/100 mi,,24,MPG,21,29,,combined city/hwy,city,hwy,4.2 gal/100 mi,NA,,"$2,700","$47,850",12.4 barrels/yr,371 grams/mile, 382 milesTotal Range
"2022 Cadillac CT4 AWD 2.7 L, 4 cyl, Automatic (S10), Turbo, Premium Gasoline",,24MPG2129combined city/hwycityhwy4.2 gal/100 mi,,24,MPG,21,29,,combined city/hwy,city,hwy,4.2 gal/100 mi,NA,,"$2,700", ,12.4 barrels/yr,375 grams/mile, 408 milesTotal Range
"2022 Ford Mustang 2.3 L, 4 cyl, Manual 6-spd, Turbo, Regular Gasoline",,24MPG2129combined city/hwycityhwy4.2 gal/100 mi,,24,MPG,21,29,,combined city/hwy,city,hwy,4.2 gal/100 mi,NA,,"$2,200","$27,470 – $43,065",12.4 barrels/yr,373 grams/mile, 382 milesTotal Range
"2022 Jeep Cherokee 4WD 2.0 L, 4 cyl, Automatic 9-spd, Turbo, Regular Gasoline",,24MPG2129combined city/hwycityhwy4.2 gal/100 mi,,24,MPG,21,29,,combined city/hwy,city,hwy,4.2 gal/100 mi,NA,,"$2,200","$31,495 – $39,345",12.4 barrels/yr,369 grams/mile, 379 milesTotal Range
"2022 Jeep Cherokee 4WD 2.4 L, 4 cyl, Automatic 9-spd, Regular Gasoline",,24MPG2129combined city/hwycityhwy4.2 gal/100 mi,,24,MPG,21,29,,combined city/hwy,city,hwy,4.2 gal/100 mi,NA,,"$2,200","$31,495 – $39,345",12.4 barrels/yr,370 grams/mile, 379 milesTotal Range
"2022 Kia Stinger AWD 2.5 L, 4 cyl, Automatic (S8), Turbo, Premium Gasoline",,24MPG2129combined city/hwycityhwy4.2 gal/100 mi,,24,MPG,21,29,,combined city/hwy,city,hwy,4.2 gal/100 mi,NA,,"$2,700","$38,490 – $53,690",12.4 barrels/yr,380 grams/mile, 382 milesTotal Range
"2022 Lincoln Corsair AWD 2.0 L, 4 cyl, Automatic (S8), Turbo, Regular Gasoline",,24MPG2129combined city/hwycityhwy4.2 gal/100 mi,,24,MPG,21,29,,combined city/hwy,city,hwy,4.2 gal/100 mi,NA,,"$2,200","$38,880 – $43,710",12.4 barrels/yr,369 grams/mile, 389 milesTotal Range
"2022 Mercedes-Benz AMG CLA35 4matic 2.0 L, 4 cyl, Automatic (AM7), Turbo, Premium Gasoline",,24MPG2129combined city/hwycityhwy4.2 gal/100 mi,,24,MPG,21,29,,combined city/hwy,city,hwy,4.2 gal/100 mi,NA,,"$2,700","$47,900",12.4 barrels/yr,366 grams/mile, 324 milesTotal Range
"2022 Mercedes-Benz E350 4matic 2.0 L, 4 cyl, Automatic 9-spd, Turbo, Premium Gasoline",,24MPG2129combined city/hwycityhwy4.2 gal/100 mi,,24,MPG,21,29,,combined city/hwy,city,hwy,4.2 gal/100 mi,NA,,"$2,700","$57,450",12.4 barrels/yr,366 grams/mile, 418 milesTotal Range
"2022 Toyota Highlander 3.5 L, 6 cyl, Automatic (S8), Regular Gasoline",,24MPG2129combined city/hwycityhwy4.2 gal/100 mi,,24,MPG,21,29,,combined city/hwy,city,hwy,4.2 gal/100 mi,NA,,"$2,200","$35,855 – $48,010",12.4 barrels/yr,372 grams/mile, 430 milesTotal Range
"2022 Audi Q3 S line quattro 2.0 L, 4 cyl, Automatic (S8), Turbo, Regular Gasoline",,24MPG2128combined city/hwycityhwy4.2 gal/100 mi,,24,MPG,21,28,,combined city/hwy,city,hwy,4.2 gal/100 mi,NA,,"$2,200","$38,700 – $42,000",12.4 barrels/yr,375 grams/mile, 382 milesTotal Range
"2022 BMW X3 xDrive30i 2.0 L, 4 cyl, Automatic (S8), Turbo, Premium Gasoline",,24MPG2128combined city/hwycityhwy4.2 gal/100 mi,,24,MPG,21,28,,combined city/hwy,city,hwy,4.2 gal/100 mi,24.6,,"$2,700","$45,700",12.4 barrels/yr,370 grams/mile, 413 milesTotal Range
"2022 BMW X4 xDrive30i 2.0 L, 4 cyl, Automatic (S8), Turbo, Premium Gasoline",,24MPG2128combined city/hwycityhwy4.2 gal/100 mi,,24,MPG,21,28,,combined city/hwy,city,hwy,4.2 gal/100 mi,NA,,"$2,700","$51,800",12.4 barrels/yr,370 grams/mile, 413 milesTotal Range
"2022 Ford Explorer RWD 2.3 L, 4 cyl, Automatic 10-spd, Turbo, Regular Gasoline",,24MPG2128combined city/hwycityhwy4.2 gal/100 mi,,24,MPG,21,28,,combined city/hwy,city,hwy,4.2 gal/100 mi,NA,,"$2,200","$35,510 – $53,775",12.4 barrels/yr,370 grams/mile, 430 milesTotal Range
"2022 Hyundai Santa Fe AWD 2.5 L, 4 cyl, Automatic (AM-S8), Turbo, Regular Gasoline",,24MPG2128combined city/hwycityhwy4.2 gal/100 mi,,24,MPG,21,28,,combined city/hwy,city,hwy,4.2 gal/100 mi,26.6,,"$2,200","$29,400",12.4 barrels/yr,375 grams/mile, 451 milesTotal Range
"2022 Lincoln Corsair AWD 2.3 L, 4 cyl, Automatic (S8), Turbo, Regular Gasoline",,24MPG2128combined city/hwycityhwy4.2 gal/100 mi,,24,MPG,21,28,,combined city/hwy,city,hwy,4.2 gal/100 mi,NA,,"$2,200","$38,880 – $43,710",12.4 barrels/yr,371 grams/mile, 389 milesTotal Range
"2022 Mercedes-Benz C300 Convertible 2.0 L, 4 cyl, Automatic 9-spd, Turbo, Premium Gasoline",,24MPG2128combined city/hwycityhwy4.2 gal/100 mi,,24,MPG,21,28,,combined city/hwy,city,hwy,4.2 gal/100 mi,NA,,"$2,700","$55,400",12.4 barrels/yr,373 grams/mile, 418 milesTotal Range
"2022 Mercedes-Benz GLC300 4matic 2.0 L, 4 cyl, Automatic 9-spd, Turbo, Premium Gasoline",,24MPG2128combined city/hwycityhwy4.2 gal/100 mi,,24,MPG,21,28,,combined city/hwy,city,hwy,4.2 gal/100 mi,NA,,"$2,700","$45,850",12.4 barrels/yr,374 grams/mile, 418 milesTotal Range
"2022 Ram Promaster City 2.4 L, 4 cyl, Automatic 9-spd, Regular Gasoline",,24MPG2128combined city/hwycityhwy4.2 gal/100 mi,,24,MPG,21,28,,combined city/hwy,city,hwy,4.2 gal/100 mi,NA,,"$2,200","$30,475 – $30,970",12.4 barrels/yr,374 grams/mile, 386 milesTotal Range
"2022 Volkswagen Tiguan R-Line 4motion 2.0 L, 4 cyl, Automatic (S8), Turbo, Regular Gasoline",,24MPG2128combined city/hwycityhwy4.2 gal/100 mi,,24,MPG,21,28,,combined city/hwy,city,hwy,4.2 gal/100 mi,NA,,"$2,200","$34,450 – $37,320",12.4 barrels/yr,369 grams/mile, 382 milesTotal Range
"2022 Porsche 718 Boxster 2.0 L, 4 cyl, Automatic (AM-S7), Turbo, Premium Gasoline",,24MPG2127combined city/hwycityhwy4.2 gal/100 mi,,24,MPG,21,27,,combined city/hwy,city,hwy,4.2 gal/100 mi,NA,,"$2,700","$62,600",12.4 barrels/yr,375 grams/mile, 341 milesTotal Range
"2022 Porsche 718 Cayman 2.0 L, 4 cyl, Automatic (AM-S7), Turbo, Premium Gasoline",,24MPG2127combined city/hwycityhwy4.2 gal/100 mi,,24,MPG,21,27,,combined city/hwy,city,hwy,4.2 gal/100 mi,NA,,"$2,700","$60,500",12.4 barrels/yr,375 grams/mile, 341 milesTotal Range
"2022 Volvo XC60 B6 AWD 2.0 L, 4 cyl, Automatic (S8), Turbo, Supercharger, Premium Gasoline",,24MPG2127combined city/hwycityhwy4.2 gal/100 mi,,24,MPG,21,27,,combined city/hwy,city,hwy,4.2 gal/100 mi,NA,,"$2,700","$55,100 – $56,450",12.4 barrels/yr,373 grams/mile, 451 milesTotal Range
"2022 Nissan Maxima 3.5 L, 6 cyl, Automatic (AV-S7), Premium Gasoline",,24MPG2030combined city/hwycityhwy4.2 gal/100 mi,,24,MPG,20,30,,combined city/hwy,city,hwy,4.2 gal/100 mi,NA,,"$2,700","$37,840 – $43,150",12.4 barrels/yr,370 grams/mile, 432 milesTotal Range
"2022 Kia Sportage AWD 2.4 L, 4 cyl, Automatic (S6), Regular Gasoline",,23MPG2226combined city/hwycityhwy4.3 gal/100 mi,,23,MPG,22,26,,combined city/hwy,city,hwy,4.3 gal/100 mi,NA,,"$2,300","$25,590 – $35,250",12.9 barrels/yr,389 grams/mile, 377 milesTotal Range
"2022 Jeep Wrangler 2dr 4WD 2.0 L, 4 cyl, Automatic 8-spd, Turbo, Regular Gasoline",,23MPG2224combined city/hwycityhwy4.3 gal/100 mi,,23,MPG,22,24,,combined city/hwy,city,hwy,4.3 gal/100 mi,NA,,"$2,300","$29,995 – $42,000",12.9 barrels/yr,388 grams/mile, 402 milesTotal Range
"2022 Audi S5 Cabriolet 3.0 L, 6 cyl, Automatic (S8), Turbo, Premium Gasoline",,23MPG2128combined city/hwycityhwy4.3 gal/100 mi,,23,MPG,21,28,,combined city/hwy,city,hwy,4.3 gal/100 mi,NA,,"$2,850","$63,400 – $71,500",12.9 barrels/yr,375 grams/mile, 352 milesTotal Range
"2022 Ford Edge AWD 2.0 L, 4 cyl, Automatic 8-spd, Turbo, Regular Gasoline",,23MPG2128combined city/hwycityhwy4.3 gal/100 mi,,23,MPG,21,28,,combined city/hwy,city,hwy,4.3 gal/100 mi,NA,,"$2,300","$37,945 – $46,485",12.9 barrels/yr,380 grams/mile, 426 milesTotal Range
"2022 Acura RDX AWD 2.0 L, 4 cyl, Automatic (S10), Turbo, Premium Gasoline",,23MPG2127combined city/hwycityhwy4.3 gal/100 mi,,23,MPG,21,27,,combined city/hwy,city,hwy,4.3 gal/100 mi,NA,,"$2,850","$42,800 – $53,800",12.9 barrels/yr,385 grams/mile, 393 milesTotal Range
"2022 Cadillac XT5 AWD 2.0 L, 4 cyl, Automatic (S9), Turbo, Premium Gasoline",,23MPG2127combined city/hwycityhwy4.3 gal/100 mi,,23,MPG,21,27,,combined city/hwy,city,hwy,4.3 gal/100 mi,NA,,"$2,850","$45,995 – $55,895",12.9 barrels/yr,386 grams/mile, 506 milesTotal Range
"2022 Cadillac XT6 FWD 2.0 L, 4 cyl, Automatic (S9), Turbo, Premium Gasoline",,23MPG2127combined city/hwycityhwy4.3 gal/100 mi,,23,MPG,21,27,,combined city/hwy,city,hwy,4.3 gal/100 mi,NA,,"$2,850","$48,595 – $52,995",12.9 barrels/yr,386 grams/mile, 437 milesTotal Range
"2022 Hyundai Santa Cruz AWD 2.5 L, 4 cyl, Automatic (S8), Regular Gasoline",,23MPG2127combined city/hwycityhwy4.3 gal/100 mi,,23,MPG,21,27,,combined city/hwy,city,hwy,4.3 gal/100 mi,NA,,"$2,300","$25,940 – $40,170",12.9 barrels/yr,382 grams/mile, 407 milesTotal Range
"2022 Mercedes-Benz GLC300 4matic Coupe 2.0 L, 4 cyl, Automatic 9-spd, Turbo, Premium Gasoline",,23MPG2127combined city/hwycityhwy4.3 gal/100 mi,,23,MPG,21,27,,combined city/hwy,city,hwy,4.3 gal/100 mi,NA,,"$2,850","$52,500",12.9 barrels/yr,383 grams/mile, 400 milesTotal Range
"2022 Nissan Pathfinder 4WD 3.5 L, 6 cyl, Automatic (S9), Regular Gasoline",,23MPG2127combined city/hwycityhwy4.3 gal/100 mi,,23,MPG,21,27,,combined city/hwy,city,hwy,4.3 gal/100 mi,20.2,,"$2,300","$36,540 – $42,440",12.9 barrels/yr,384 grams/mile, 426 milesTotal Range
"2022 Porsche 718 Boxster T 2.0 L, 4 cyl, Automatic (AM-S7), Turbo, Premium Gasoline",,23MPG2127combined city/hwycityhwy4.3 gal/100 mi,,23,MPG,21,27,,combined city/hwy,city,hwy,4.3 gal/100 mi,NA,,"$2,850","$71,700",12.9 barrels/yr,380 grams/mile, 327 milesTotal Range
"2022 Porsche 718 Cayman T 2.0 L, 4 cyl, Automatic (AM-S7), Turbo, Premium Gasoline",,23MPG2127combined city/hwycityhwy4.3 gal/100 mi,,23,MPG,21,27,,combined city/hwy,city,hwy,4.3 gal/100 mi,NA,,"$2,850","$69,600",12.9 barrels/yr,380 grams/mile, 327 milesTotal Range
"2022 Subaru Ascent 2.4 L, 4 cyl, Automatic (AV-S8), Turbo, Regular Gasoline",,23MPG2127combined city/hwycityhwy4.3 gal/100 mi,,23,MPG,21,27,,combined city/hwy,city,hwy,4.3 gal/100 mi,NA,,"$2,300","$32,795 – $35,295",12.9 barrels/yr,384 grams/mile, 444 milesTotal Range
"2022 Acura RDX AWD A-SPEC 2.0 L, 4 cyl, Automatic (S10), Turbo, Premium Gasoline",,23MPG2126combined city/hwycityhwy4.3 gal/100 mi,,23,MPG,21,26,,combined city/hwy,city,hwy,4.3 gal/100 mi,NA,,"$2,850","$48,450 – $52,600",12.9 barrels/yr,388 grams/mile, 393 milesTotal Range
"2022 Cadillac XT6 AWD 2.0 L, 4 cyl, Automatic (S9), Turbo, Premium Gasoline",,23MPG2126combined city/hwycityhwy4.3 gal/100 mi,,23,MPG,21,26,,combined city/hwy,city,hwy,4.3 gal/100 mi,NA,,"$2,850","$50,595 – $58,295",12.9 barrels/yr,386 grams/mile, 506 milesTotal Range
"2022 Ford Bronco Sport 4WD 2.0 L, 4 cyl, Automatic (S8), Turbo, Regular Gasoline",,23MPG2126combined city/hwycityhwy4.3 gal/100 mi,,23,MPG,21,26,,combined city/hwy,city,hwy,4.3 gal/100 mi,NA,,"$2,300","$28,815 – $36,590",12.9 barrels/yr,387 grams/mile, 368 milesTotal Range
"2022 Ford Ranger 2WD 2.3 L, 4 cyl, Automatic (S10), Turbo, Regular Gasoline",,23MPG2126combined city/hwycityhwy4.3 gal/100 mi,,23,MPG,21,26,,combined city/hwy,city,hwy,4.3 gal/100 mi,NA,,"$2,300","$25,980 – $36,030",12.9 barrels/yr,387 grams/mile, 414 milesTotal Range
"2022 Hyundai Santa Cruz FWD 2.5 L, 4 cyl, Automatic (S8), Regular Gasoline",,23MPG2126combined city/hwycityhwy4.3 gal/100 mi,,23,MPG,21,26,,combined city/hwy,city,hwy,4.3 gal/100 mi,NA,,"$2,300","$24,440 – $27,640",12.9 barrels/yr,385 grams/mile, 407 milesTotal Range
"2022 Infiniti QX60 FWD 3.5 L, 6 cyl, Automatic (S9), Premium Gasoline",,23MPG2126combined city/hwycityhwy4.3 gal/100 mi,,23,MPG,21,26,,combined city/hwy,city,hwy,4.3 gal/100 mi,NA,,"$2,850","$47,850 – $61,350",12.9 barrels/yr,391 grams/mile, 448 milesTotal Range
"2022 Lincoln Nautilus FWD 2.0 L, 4 cyl, Automatic 8-spd, Turbo, Regular Gasoline",,23MPG2126combined city/hwycityhwy4.3 gal/100 mi,,23,MPG,21,26,,combined city/hwy,city,hwy,4.3 gal/100 mi,NA,,"$2,300","$44,090 – $50,505",12.9 barrels/yr,384 grams/mile, 414 milesTotal Range
"2022 Lincoln Nautilus FWD 2.0 L, 4 cyl, Automatic (S8), Turbo, Regular Gasoline",,23MPG2126combined city/hwycityhwy4.3 gal/100 mi,,23,MPG,21,26,,combined city/hwy,city,hwy,4.3 gal/100 mi,NA,,"$2,300","$44,090 – $50,505",12.9 barrels/yr,387 grams/mile, 414 milesTotal Range
"2022 Nissan Pathfinder 2WD 3.5 L, 6 cyl, Automatic (S9), Regular Gasoline",,23MPG2126combined city/hwycityhwy4.3 gal/100 mi,,23,MPG,21,26,,combined city/hwy,city,hwy,4.3 gal/100 mi,NA,,"$2,300","$34,640 – $40,540",12.9 barrels/yr,386 grams/mile, 426 milesTotal Range
"2022 Genesis GV80 RWD 2.5 L, 4 cyl, Automatic (S8), Turbo, Premium Gasoline",,23MPG2125combined city/hwycityhwy4.3 gal/100 mi,,23,MPG,21,25,,combined city/hwy,city,hwy,4.3 gal/100 mi,NA,,"$2,850","$50,200",12.9 barrels/yr,394 grams/mile, 485 milesTotal Range
"2022 Volkswagen Atlas 2.0 L, 4 cyl, Automatic (S8), Turbo, Regular Gasoline",,23MPG2125combined city/hwycityhwy4.3 gal/100 mi,,23,MPG,21,25,,combined city/hwy,city,hwy,4.3 gal/100 mi,NA,,"$2,300","$34,335 – $40,255",12.9 barrels/yr,387 grams/mile, 428 milesTotal Range
"2022 Volkswagen Atlas Cross Sport 2.0 L, 4 cyl, Automatic (S8), Turbo, Regular Gasoline",,23MPG2125combined city/hwycityhwy4.3 gal/100 mi,,23,MPG,21,25,,combined city/hwy,city,hwy,4.3 gal/100 mi,NA,,"$2,300","$33,635 – $39,555",12.9 barrels/yr,391 grams/mile, 428 milesTotal Range
"2022 Hyundai Elantra N 2.0 L, 4 cyl, Automatic (AM-S8), Turbo, Premium Gasoline",,23MPG2030combined city/hwycityhwy4.3 gal/100 mi,,23,MPG,20,30,,combined city/hwy,city,hwy,4.3 gal/100 mi,NA,,"$2,850","$24,350 – $33,650",12.9 barrels/yr,388 grams/mile, 285 milesTotal Range
"2022 Audi RS 3 2.5 L, 5 cyl, Automatic (AM-S7), Turbo, Premium Gasoline",,23MPG2029combined city/hwycityhwy4.3 gal/100 mi,,23,MPG,20,29,,combined city/hwy,city,hwy,4.3 gal/100 mi,NA,,"$2,850","$58,900",12.9 barrels/yr,383 grams/mile, 334 milesTotal Range
"2022 Audi TT RS Coupe 2.5 L, 5 cyl, Automatic (AM-S7), Turbo, Premium Gasoline",,23MPG2029combined city/hwycityhwy4.3 gal/100 mi,,23,MPG,20,29,,combined city/hwy,city,hwy,4.3 gal/100 mi,NA,,"$2,850","$73,200",12.9 barrels/yr,377 grams/mile, 334 milesTotal Range
"2022 Cadillac CT4 V 2.7 L, 4 cyl, Automatic (S10), Turbo, Premium Gasoline",,23MPG2029combined city/hwycityhwy4.3 gal/100 mi,,23,MPG,20,29,,combined city/hwy,city,hwy,4.3 gal/100 mi,NA,,"$2,850","$45,895",12.9 barrels/yr,385 grams/mile, 391 milesTotal Range
"2022 Infiniti Q50 3.0 L, 6 cyl, Automatic (S7), Turbo, Premium Gasoline",,23MPG2029combined city/hwycityhwy4.3 gal/100 mi,,23,MPG,20,29,,combined city/hwy,city,hwy,4.3 gal/100 mi,NA,,"$2,850","$42,100 – $47,800",12.9 barrels/yr,388 grams/mile, 460 milesTotal Range
"2022 Jeep Cherokee FWD 3.2 L, 6 cyl, Automatic 9-spd, Regular Gasoline",,23MPG2029combined city/hwycityhwy4.3 gal/100 mi,,23,MPG,20,29,,combined city/hwy,city,hwy,4.3 gal/100 mi,NA,,"$2,300","$29,995 – $34,895",12.9 barrels/yr,387 grams/mile, 363 milesTotal Range
"2022 Cadillac CT4 V AWD 2.7 L, 4 cyl, Automatic (S10), Turbo, Premium Gasoline",,23MPG2028combined city/hwycityhwy4.3 gal/100 mi,,23,MPG,20,28,,combined city/hwy,city,hwy,4.3 gal/100 mi,NA,,"$2,850", ,12.9 barrels/yr,386 grams/mile, 391 milesTotal Range
"2022 Ford Edge AWD 2.0 L, 4 cyl, Automatic (S8), Turbo, Regular Gasoline",,23MPG2028combined city/hwycityhwy4.3 gal/100 mi,,23,MPG,20,28,,combined city/hwy,city,hwy,4.3 gal/100 mi,NA,,"$2,300","$37,945 – $46,485",12.9 barrels/yr,388 grams/mile, 426 milesTotal Range
"2022 Ford Explorer RWD 2.3 L, 4 cyl, Automatic 10-spd, Turbo, Regular Gasoline",,23MPG2028combined city/hwycityhwy4.3 gal/100 mi,,23,MPG,20,28,,combined city/hwy,city,hwy,4.3 gal/100 mi,NA,,"$2,300","$35,510 – $53,775",12.9 barrels/yr,386 grams/mile, 412 milesTotal Range
"2022 Ford Mustang Convertible 2.3 L, 4 cyl, Automatic 10-spd, Turbo, Regular Gasoline",,23MPG2028combined city/hwycityhwy4.3 gal/100 mi,,23,MPG,20,28,,combined city/hwy,city,hwy,4.3 gal/100 mi,NA,,"$2,300","$32,970 – $48,565",12.9 barrels/yr,386 grams/mile, 366 milesTotal Range
"2022 Ford Mustang Convertible 2.3 L, 4 cyl, Automatic (S10), Turbo, Regular Gasoline",,23MPG2028combined city/hwycityhwy4.3 gal/100 mi,,23,MPG,20,28,,combined city/hwy,city,hwy,4.3 gal/100 mi,NA,,"$2,300","$32,970 – $48,565",12.9 barrels/yr,386 grams/mile, 366 milesTotal Range
"2022 Genesis G70 AWD 2.0 L, 4 cyl, Automatic (S8), Turbo, Premium Gasoline",,23MPG2028combined city/hwycityhwy4.3 gal/100 mi,,23,MPG,20,28,,combined city/hwy,city,hwy,4.3 gal/100 mi,NA,,"$2,850","$39,875 – $54,750",12.9 barrels/yr,385 grams/mile, 363 milesTotal Range
"2022 Kia Sportage FWD 2.0 L, 4 cyl, Automatic (S6), Turbo, Regular Gasoline",,23MPG2028combined city/hwycityhwy4.3 gal/100 mi,,23,MPG,20,28,,combined city/hwy,city,hwy,4.3 gal/100 mi,NA,,"$2,300","$24,090 – $33,750",12.9 barrels/yr,392 grams/mile, 377 milesTotal Range
"2022 Lexus IS 350 3.5 L, 6 cyl, Automatic (S8), Premium Gasoline",,23MPG2028combined city/hwycityhwy4.3 gal/100 mi,,23,MPG,20,28,,combined city/hwy,city,hwy,4.3 gal/100 mi,NA,,"$2,850","$43,550",12.9 barrels/yr,385 grams/mile, 400 milesTotal Range
"2022 Lexus RC 350 3.5 L, 6 cyl, Automatic (S8), Premium Gasoline",,23MPG2028combined city/hwycityhwy4.3 gal/100 mi,,23,MPG,20,28,,combined city/hwy,city,hwy,4.3 gal/100 mi,NA,,"$2,850","$45,750 – $50,220",12.9 barrels/yr,385 grams/mile, 400 milesTotal Range
"2022 Mercedes-Benz AMG CLA45 4matic 2.0 L, 4 cyl, Automatic (AM8), Turbo, Premium Gasoline",,23MPG2028combined city/hwycityhwy4.3 gal/100 mi,,23,MPG,20,28,,combined city/hwy,city,hwy,4.3 gal/100 mi,NA,,"$2,850","$55,900",12.9 barrels/yr,392 grams/mile, 310 milesTotal Range
"2022 Nissan Murano AWD 3.5 L, 6 cyl, Automatic (AV-S7), Regular Gasoline",,23MPG2028combined city/hwycityhwy4.3 gal/100 mi,,23,MPG,20,28,,combined city/hwy,city,hwy,4.3 gal/100 mi,NA,,"$2,300","$35,010 – $46,560",12.9 barrels/yr,392 grams/mile, 437 milesTotal Range
"2022 Nissan Murano FWD 3.5 L, 6 cyl, Automatic (AV-S7), Regular Gasoline",,23MPG2028combined city/hwycityhwy4.3 gal/100 mi,,23,MPG,20,28,,combined city/hwy,city,hwy,4.3 gal/100 mi,NA,,"$2,300","$33,310 – $44,860",12.9 barrels/yr,387 grams/mile, 437 milesTotal Range
"2022 Toyota Highlander 3.5 L, 6 cyl, Automatic (S8), Regular Gasoline",,23MPG2028combined city/hwycityhwy4.3 gal/100 mi,,23,MPG,20,28,,combined city/hwy,city,hwy,4.3 gal/100 mi,NA,,"$2,300","$35,855 – $48,010",12.9 barrels/yr,389 grams/mile, 412 milesTotal Range
"2022 Volkswagen Golf-R 2.0 L, 4 cyl, Manual 6-spd, Turbo, Premium Gasoline",,23MPG2028combined city/hwycityhwy4.3 gal/100 mi,,23,MPG,20,28,,combined city/hwy,city,hwy,4.3 gal/100 mi,NA,,"$2,850","$44,090 – $44,890",12.9 barrels/yr,382 grams/mile, 304 milesTotal Range
"2022 Volvo XC90 T5 AWD 2.0 L, 4 cyl, Automatic (S8), Turbo, Premium Gasoline",,23MPG2028combined city/hwycityhwy4.3 gal/100 mi,,23,MPG,20,28,,combined city/hwy,city,hwy,4.3 gal/100 mi,NA,,"$2,850","$53,400",12.9 barrels/yr,380 grams/mile, 432 milesTotal Range
"2022 BMW 740i xDrive Sedan 3.0 L, 6 cyl, Automatic (S8), Turbo, Premium Gasoline",,23MPG2027combined city/hwycityhwy4.3 gal/100 mi,,23,MPG,20,27,,combined city/hwy,city,hwy,4.3 gal/100 mi,NA,,"$2,850", ,12.9 barrels/yr,388 grams/mile, 474 milesTotal Range
"2022 BMW 840i xDrive Convertible 3.0 L, 6 cyl, Automatic (S8), Turbo, Premium Gasoline",,23MPG2027combined city/hwycityhwy4.3 gal/100 mi,,23,MPG,20,27,,combined city/hwy,city,hwy,4.3 gal/100 mi,NA,,"$2,850","$97,300",12.9 barrels/yr,388 grams/mile, 414 milesTotal Range
"2022 BMW 840i xDrive Coupe 3.0 L, 6 cyl, Automatic (S8), Turbo, Premium Gasoline",,23MPG2027combined city/hwycityhwy4.3 gal/100 mi,,23,MPG,20,27,,combined city/hwy,city,hwy,4.3 gal/100 mi,NA,,"$2,850","$87,900",12.9 barrels/yr,388 grams/mile, 414 milesTotal Range
"2022 BMW 840i xDrive Gran Coupe 3.0 L, 6 cyl, Automatic (S8), Turbo, Premium Gasoline",,23MPG2027combined city/hwycityhwy4.3 gal/100 mi,,23,MPG,20,27,,combined city/hwy,city,hwy,4.3 gal/100 mi,NA,,"$2,850","$87,900",12.9 barrels/yr,388 grams/mile, 414 milesTotal Range
"2022 Ford Explorer AWD 2.3 L, 4 cyl, Automatic 10-spd, Turbo, Regular Gasoline",,23MPG2027combined city/hwycityhwy4.3 gal/100 mi,,23,MPG,20,27,,combined city/hwy,city,hwy,4.3 gal/100 mi,NA,,"$2,300","$37,510 – $55,775",12.9 barrels/yr,387 grams/mile, 412 milesTotal Range
"2022 Ford Mustang Convertible 2.3 L, 4 cyl, Manual 6-spd, Turbo, Regular Gasoline",,23MPG2027combined city/hwycityhwy4.3 gal/100 mi,,23,MPG,20,27,,combined city/hwy,city,hwy,4.3 gal/100 mi,NA,,"$2,300","$32,970 – $48,565",12.9 barrels/yr,386 grams/mile, 366 milesTotal Range
"2022 Ford Mustang HO Coupe 2.3 L, 4 cyl, Automatic (S10), Turbo, Regular Gasoline",,23MPG2027combined city/hwycityhwy4.3 gal/100 mi,,23,MPG,20,27,,combined city/hwy,city,hwy,4.3 gal/100 mi,NA,,"$2,300", ,12.9 barrels/yr,386 grams/mile, 366 milesTotal Range
"2022 Honda Pilot FWD 3.5 L, 6 cyl, Automatic (S9), Regular Gasoline",,23MPG2027combined city/hwycityhwy4.3 gal/100 mi,,23,MPG,20,27,,combined city/hwy,city,hwy,4.3 gal/100 mi,NA,,"$2,300","$38,080 – $45,170",12.9 barrels/yr,388 grams/mile, 448 milesTotal Range
"2022 Hyundai Kona N 2.0 L, 4 cyl, Automatic (AM-S8), Turbo, Premium Gasoline",,23MPG2027combined city/hwycityhwy4.3 gal/100 mi,,23,MPG,20,27,,combined city/hwy,city,hwy,4.3 gal/100 mi,NA,,"$2,850","$34,200",12.9 barrels/yr,396 grams/mile, 304 milesTotal Range
"2022 Lexus RX 350 3.5 L, 6 cyl, Automatic (S8), Regular Gasoline",,23MPG2027combined city/hwycityhwy4.3 gal/100 mi,,23,MPG,20,27,,combined city/hwy,city,hwy,4.3 gal/100 mi,NA,,"$2,300","$45,920 – $51,800",12.9 barrels/yr,391 grams/mile, 442 milesTotal Range
"2022 Toyota Highlander AWD 3.5 L, 6 cyl, Automatic (S8), Regular Gasoline",,23MPG2027combined city/hwycityhwy4.3 gal/100 mi,,23,MPG,20,27,,combined city/hwy,city,hwy,4.3 gal/100 mi,19.7,,"$2,300","$37,455 – $49,960",12.9 barrels/yr,387 grams/mile, 412 milesTotal Range
"2022 Jaguar E-Pace 2.0 L, 4 cyl, Automatic (S9), Turbo, Premium Gasoline",,23MPG2026combined city/hwycityhwy4.3 gal/100 mi,,23,MPG,20,26,,combined city/hwy,city,hwy,4.3 gal/100 mi,NA,,"$2,850","$40,995 – $45,995",12.9 barrels/yr,398 grams/mile, 407 milesTotal Range
"2022 Kia Telluride FWD 3.8 L, 6 cyl, Automatic (S8), Regular Gasoline",,23MPG2026combined city/hwycityhwy4.3 gal/100 mi,,23,MPG,20,26,,combined city/hwy,city,hwy,4.3 gal/100 mi,NA,,"$2,300","$33,390 – $43,290",12.9 barrels/yr,395 grams/mile, 432 milesTotal Range
"2022 Land Rover Range Rover Velar 2.0 L, 4 cyl, Automatic (S8), Turbo, Premium Gasoline",,23MPG2026combined city/hwycityhwy4.3 gal/100 mi,,23,MPG,20,26,,combined city/hwy,city,hwy,4.3 gal/100 mi,NA,,"$2,850","$57,200 – $59,200",12.9 barrels/yr,393 grams/mile,Range not available
"2022 Mazda CX-9 4WD 2.5 L, 4 cyl, Automatic (S6), Turbo, Regular Gasoline",,23MPG2026combined city/hwycityhwy4.3 gal/100 mi,,23,MPG,20,26,,combined city/hwy,city,hwy,4.3 gal/100 mi,NA,,"$2,300","$35,630 – $47,560",12.9 barrels/yr,392 grams/mile, 448 milesTotal Range
"2022 Chrysler 300 3.6 L, 6 cyl, Automatic 8-spd, Regular Gasoline",,23MPG1930combined city/hwycityhwy4.3 gal/100 mi,,23,MPG,19,30,,combined city/hwy,city,hwy,4.3 gal/100 mi,NA,,"$2,300","$33,545 – $45,350",12.9 barrels/yr,389 grams/mile, 426 milesTotal Range
"2022 Dodge Challenger 3.6 L, 6 cyl, Automatic 8-spd, Regular Gasoline",,23MPG1930combined city/hwycityhwy4.3 gal/100 mi,,23,MPG,19,30,,combined city/hwy,city,hwy,4.3 gal/100 mi,NA,,"$2,300","$30,430 – $45,055",12.9 barrels/yr,389 grams/mile, 426 milesTotal Range
"2022 Dodge Charger 3.6 L, 6 cyl, Automatic 8-spd, Regular Gasoline",,23MPG1930combined city/hwycityhwy4.3 gal/100 mi,,23,MPG,19,30,,combined city/hwy,city,hwy,4.3 gal/100 mi,NA,,"$2,300","$32,500 – $47,385",12.9 barrels/yr,389 grams/mile, 426 milesTotal Range
"2022 Genesis GV80 AWD 2.5 L, 4 cyl, Automatic (S8), Turbo, Premium Gasoline",,22MPG2125combined city/hwycityhwy4.5 gal/100 mi,,22,MPG,21,25,,combined city/hwy,city,hwy,4.5 gal/100 mi,NA,,"$2,950","$56,100 – $77,200",13.5 barrels/yr,401 grams/mile, 464 milesTotal Range
"2022 Jeep Wrangler 4dr 4WD 2.0 L, 4 cyl, Automatic 8-spd, Turbo, Regular Gasoline",,22MPG2124combined city/hwycityhwy4.5 gal/100 mi,,22,MPG,21,24,,combined city/hwy,city,hwy,4.5 gal/100 mi,NA,,"$2,400","$34,045 – $79,595",13.5 barrels/yr,404 grams/mile, 473 milesTotal Range
"2022 Ford Mustang HO Coupe 2.3 L, 4 cyl, Manual 6-spd, Turbo, Regular Gasoline",,22MPG2027combined city/hwycityhwy4.5 gal/100 mi,,22,MPG,20,27,,combined city/hwy,city,hwy,4.5 gal/100 mi,NA,,"$2,400", ,13.5 barrels/yr,396 grams/mile, 350 milesTotal Range
"2022 Ford Transit Connect USPS 2.5 L, 4 cyl, Automatic (S6), Regular Gasoline",,22MPG2027combined city/hwycityhwy4.5 gal/100 mi,,22,MPG,20,27,,combined city/hwy,city,hwy,4.5 gal/100 mi,NA,,"$2,400", ,13.5 barrels/yr,396 grams/mile,Range not available
"2022 Hyundai Veloster N 2.0 L, 4 cyl, Automatic (AM-S8), Turbo, Premium Gasoline",,22MPG2027combined city/hwycityhwy4.5 gal/100 mi,,22,MPG,20,27,,combined city/hwy,city,hwy,4.5 gal/100 mi,NA,,"$2,950","$32,500 – $34,000",13.5 barrels/yr,400 grams/mile, 290 milesTotal Range
"2022 Infiniti Q60 Red Sport 3.0 L, 6 cyl, Automatic (S7), Turbo, Premium Gasoline",,22MPG2027combined city/hwycityhwy4.5 gal/100 mi,,22,MPG,20,27,,combined city/hwy,city,hwy,4.5 gal/100 mi,NA,,"$2,950","$58,200",13.5 barrels/yr,405 grams/mile, 440 milesTotal Range
"2022 Land Rover Range Rover Evoque 2.0 L, 4 cyl, Automatic (S9), Turbo, Premium Gasoline",,22MPG2027combined city/hwycityhwy4.5 gal/100 mi,,22,MPG,20,27,,combined city/hwy,city,hwy,4.5 gal/100 mi,NA,,"$2,950","$44,700 – $55,000",13.5 barrels/yr,398 grams/mile, 389 milesTotal Range
"2022 Mercedes-Benz AMG GLB35 4matic 2.0 L, 4 cyl, Automatic (AM8), Turbo, Premium Gasoline",,22MPG2027combined city/hwycityhwy4.5 gal/100 mi,,22,MPG,20,27,,combined city/hwy,city,hwy,4.5 gal/100 mi,NA,,"$2,950","$49,950",13.5 barrels/yr,396 grams/mile, 350 milesTotal Range
"2022 Subaru BRZ 2.4 L, 4 cyl, Manual 6-spd, Premium Gasoline",,22MPG2027combined city/hwycityhwy4.5 gal/100 mi,,22,MPG,20,27,,combined city/hwy,city,hwy,4.5 gal/100 mi,NA,,"$2,950","$27,995 – $32,295",13.5 barrels/yr,398 grams/mile,Range not available
"2022 Toyota GR 86 2.4 L, 4 cyl, Manual 6-spd, Premium Gasoline",,22MPG2027combined city/hwycityhwy4.5 gal/100 mi,,22,MPG,20,27,,combined city/hwy,city,hwy,4.5 gal/100 mi,NA,,"$2,950","$27,700 – $31,800",13.5 barrels/yr,396 grams/mile, 273 milesTotal Range
"2022 Ford Explorer AWD 2.3 L, 4 cyl, Automatic 10-spd, Turbo, Regular Gasoline",,22MPG2026combined city/hwycityhwy4.5 gal/100 mi,,22,MPG,20,26,,combined city/hwy,city,hwy,4.5 gal/100 mi,NA,,"$2,400","$37,510 – $55,775",13.5 barrels/yr,404 grams/mile, 394 milesTotal Range
"2022 Ford F150 Pickup 2WD 2.7 L, 6 cyl, Automatic (S10), Turbo, Regular Gasoline",,22MPG2026combined city/hwycityhwy4.5 gal/100 mi,,22,MPG,20,26,,combined city/hwy,city,hwy,4.5 gal/100 mi,NA,,"$2,400","$30,870 – $76,975",13.5 barrels/yr,404 grams/mile, 506 - 572 milesTotal Range
"2022 Ford Ranger 2WD 2.3 L, 4 cyl, Automatic (S10), Turbo, Regular Gasoline",,22MPG2026combined city/hwycityhwy4.5 gal/100 mi,,22,MPG,20,26,,combined city/hwy,city,hwy,4.5 gal/100 mi,NA,,"$2,400","$25,980 – $36,030",13.5 barrels/yr,397 grams/mile, 396 milesTotal Range
"2022 Ford Transit Connect Van FWD 2.5 L, 4 cyl, Automatic (S6), Regular Gasoline",,22MPG2026combined city/hwycityhwy4.5 gal/100 mi,,22,MPG,20,26,,combined city/hwy,city,hwy,4.5 gal/100 mi,NA,,"$2,400","$29,365 – $31,540",13.5 barrels/yr,401 grams/mile, 348 milesTotal Range
"2022 Ford Transit Connect Wagon LWB FWD 2.5 L, 4 cyl, Automatic (S6), Regular Gasoline",,22MPG2026combined city/hwycityhwy4.5 gal/100 mi,,22,MPG,20,26,,combined city/hwy,city,hwy,4.5 gal/100 mi,NA,,"$2,400","$30,365 – $33,975",13.5 barrels/yr,404 grams/mile, 348 milesTotal Range
"2022 Infiniti Q50 Red Sport 3.0 L, 6 cyl, Automatic (S7), Turbo, Premium Gasoline",,22MPG2026combined city/hwycityhwy4.5 gal/100 mi,,22,MPG,20,26,,combined city/hwy,city,hwy,4.5 gal/100 mi,NA,,"$2,950","$55,950",13.5 barrels/yr,403 grams/mile, 440 milesTotal Range
"2022 Porsche 718 Boxster 2.0 L, 4 cyl, Manual 6-spd, Turbo, Premium Gasoline",,22MPG2026combined city/hwycityhwy4.5 gal/100 mi,,22,MPG,20,26,,combined city/hwy,city,hwy,4.5 gal/100 mi,NA,,"$2,950","$62,600",13.5 barrels/yr,394 grams/mile, 312 milesTotal Range
"2022 Porsche 718 Boxster T 2.0 L, 4 cyl, Manual 6-spd, Turbo, Premium Gasoline",,22MPG2026combined city/hwycityhwy4.5 gal/100 mi,,22,MPG,20,26,,combined city/hwy,city,hwy,4.5 gal/100 mi,NA,,"$2,950","$71,700",13.5 barrels/yr,394 grams/mile, 312 milesTotal Range
"2022 Porsche 718 Cayman 2.0 L, 4 cyl, Manual 6-spd, Turbo, Premium Gasoline",,22MPG2026combined city/hwycityhwy4.5 gal/100 mi,,22,MPG,20,26,,combined city/hwy,city,hwy,4.5 gal/100 mi,NA,,"$2,950","$60,500",13.5 barrels/yr,394 grams/mile, 312 milesTotal Range
"2022 Porsche 718 Cayman T 2.0 L, 4 cyl, Manual 6-spd, Turbo, Premium Gasoline",,22MPG2026combined city/hwycityhwy4.5 gal/100 mi,,22,MPG,20,26,,combined city/hwy,city,hwy,4.5 gal/100 mi,NA,,"$2,950","$69,600",13.5 barrels/yr,394 grams/mile, 312 milesTotal Range
"2022 Subaru Ascent Limited/Touring/Onyx AWD 2.4 L, 4 cyl, Automatic (AV-S8), Turbo, Regular Gasoline",,22MPG2026combined city/hwycityhwy4.5 gal/100 mi,,22,MPG,20,26,,combined city/hwy,city,hwy,4.5 gal/100 mi,20.9,,"$2,400","$38,495 – $45,945",13.5 barrels/yr,401 grams/mile, 425 milesTotal Range
"2022 Audi Q7 quattro 2.0 L, 4 cyl, Automatic (S8), Turbo, Premium Gasoline",,22MPG2025combined city/hwycityhwy4.5 gal/100 mi,,22,MPG,20,25,,combined city/hwy,city,hwy,4.5 gal/100 mi,NA,,"$2,950","$57,500 – $73,300",13.5 barrels/yr,406 grams/mile, 495 milesTotal Range
"2022 Honda Passport FWD 3.5 L, 6 cyl, Automatic (S9), Regular Gasoline",,22MPG2025combined city/hwycityhwy4.5 gal/100 mi,,22,MPG,20,25,,combined city/hwy,city,hwy,4.5 gal/100 mi,NA,,"$2,400","$38,370",13.5 barrels/yr,405 grams/mile, 429 milesTotal Range
"2022 Infiniti QX60 AWD 3.5 L, 6 cyl, Automatic (S9), Premium Gasoline",,22MPG2025combined city/hwycityhwy4.5 gal/100 mi,,22,MPG,20,25,,combined city/hwy,city,hwy,4.5 gal/100 mi,NA,,"$2,950","$49,850 – $64,250",13.5 barrels/yr,407 grams/mile, 429 milesTotal Range
"2022 Lincoln Nautilus AWD 2.0 L, 4 cyl, Automatic 8-spd, Turbo, Regular Gasoline",,22MPG2025combined city/hwycityhwy4.5 gal/100 mi,,22,MPG,20,25,,combined city/hwy,city,hwy,4.5 gal/100 mi,NA,,"$2,400","$46,590 – $66,710",13.5 barrels/yr,404 grams/mile, 396 milesTotal Range
"2022 Lincoln Nautilus AWD 2.0 L, 4 cyl, Automatic (S8), Turbo, Regular Gasoline",,22MPG2025combined city/hwycityhwy4.5 gal/100 mi,,22,MPG,20,25,,combined city/hwy,city,hwy,4.5 gal/100 mi,NA,,"$2,400","$46,590 – $66,710",13.5 barrels/yr,404 grams/mile, 396 milesTotal Range
"2022 Mercedes-Benz Metris (US Postal Long) 2.0 L, 4 cyl, Automatic 9-spd, Turbo, Premium Gasoline",,22MPG2025combined city/hwycityhwy4.5 gal/100 mi,,22,MPG,20,25,,combined city/hwy,city,hwy,4.5 gal/100 mi,NA,,"$2,950", ,13.5 barrels/yr,410 grams/mile, 407 milesTotal Range
"2022 Mercedes-Benz Metris (US Postal) 2.0 L, 4 cyl, Automatic 9-spd, Turbo, Premium Gasoline",,22MPG2025combined city/hwycityhwy4.5 gal/100 mi,,22,MPG,20,25,,combined city/hwy,city,hwy,4.5 gal/100 mi,NA,,"$2,950", ,13.5 barrels/yr,410 grams/mile, 407 milesTotal Range
"2022 Nissan Pathfinder 4WD Platinum 3.5 L, 6 cyl, Automatic (S9), Regular Gasoline",,22MPG2025combined city/hwycityhwy4.5 gal/100 mi,,22,MPG,20,25,,combined city/hwy,city,hwy,4.5 gal/100 mi,NA,,"$2,400","$49,040",13.5 barrels/yr,399 grams/mile, 407 milesTotal Range
"2022 Ford Ranger 4WD 2.3 L, 4 cyl, Automatic (S10), Turbo, Regular Gasoline",,22MPG2024combined city/hwycityhwy4.5 gal/100 mi,,22,MPG,20,24,,combined city/hwy,city,hwy,4.5 gal/100 mi,NA,,"$2,400","$29,835 – $39,730",13.5 barrels/yr,411 grams/mile, 396 milesTotal Range
"2022 Volkswagen Atlas 4motion 2.0 L, 4 cyl, Automatic (S8), Turbo, Regular Gasoline",,22MPG2024combined city/hwycityhwy4.5 gal/100 mi,,22,MPG,20,24,,combined city/hwy,city,hwy,4.5 gal/100 mi,NA,,"$2,400","$36,235 – $51,505",13.5 barrels/yr,411 grams/mile, 409 milesTotal Range
"2022 Volkswagen Atlas Cross Sport 4motion 2.0 L, 4 cyl, Automatic (S8), Turbo, Regular Gasoline",,22MPG2024combined city/hwycityhwy4.5 gal/100 mi,,22,MPG,20,24,,combined city/hwy,city,hwy,4.5 gal/100 mi,NA,,"$2,400","$35,535 – $50,805",13.5 barrels/yr,406 grams/mile, 409 milesTotal Range
"2022 Chevrolet Camaro 2.0 L, 4 cyl, Manual 6-spd, Turbo, Premium Gasoline",,22MPG1929combined city/hwycityhwy4.5 gal/100 mi,,22,MPG,19,29,,combined city/hwy,city,hwy,4.5 gal/100 mi,NA,,"$2,950", ,13.5 barrels/yr,385 grams/mile, 418 milesTotal Range
"2022 Chrysler Pacifica 3.6 L, 6 cyl, Automatic 9-spd, Regular Gasoline",,22MPG1928combined city/hwycityhwy4.5 gal/100 mi,,22,MPG,19,28,,combined city/hwy,city,hwy,4.5 gal/100 mi,NA,,"$2,400","$37,095 – $54,045",13.5 barrels/yr,401 grams/mile, 418 milesTotal Range
"2022 Chrysler Voyager 3.6 L, 6 cyl, Automatic 9-spd, Regular Gasoline",,22MPG1928combined city/hwycityhwy4.5 gal/100 mi,,22,MPG,19,28,,combined city/hwy,city,hwy,4.5 gal/100 mi,NA,,"$2,400", ,13.5 barrels/yr,401 grams/mile,Range not available
"2022 Honda Odyssey 3.5 L, 6 cyl, Automatic (S10), Regular Gasoline",,22MPG1928combined city/hwycityhwy4.5 gal/100 mi,,22,MPG,19,28,,combined city/hwy,city,hwy,4.5 gal/100 mi,18.9,,"$2,400","$33,040 – $48,770",13.5 barrels/yr,394 grams/mile, 429 milesTotal Range
"2022 Infiniti Q60 3.0 L, 6 cyl, Automatic (S7), Turbo, Premium Gasoline",,22MPG1928combined city/hwycityhwy4.5 gal/100 mi,,22,MPG,19,28,,combined city/hwy,city,hwy,4.5 gal/100 mi,NA,,"$2,950","$41,750 – $50,300",13.5 barrels/yr,404 grams/mile, 440 milesTotal Range
"2022 Mercedes-Benz AMG C43 4matic Convertible 3.0 L, 6 cyl, Automatic 9-spd, Turbo, Premium Gasoline",,22MPG1928combined city/hwycityhwy4.5 gal/100 mi,,22,MPG,19,28,,combined city/hwy,city,hwy,4.5 gal/100 mi,NA,,"$2,950","$67,000",13.5 barrels/yr,402 grams/mile, 383 milesTotal Range
"2022 Mercedes-Benz AMG C43 4matic Coupe 3.0 L, 6 cyl, Automatic 9-spd, Turbo, Premium Gasoline",,22MPG1928combined city/hwycityhwy4.5 gal/100 mi,,22,MPG,19,28,,combined city/hwy,city,hwy,4.5 gal/100 mi,NA,,"$2,950","$60,500",13.5 barrels/yr,406 grams/mile, 383 milesTotal Range
"2022 Cadillac CT5 3.0 L, 6 cyl, Automatic (S10), Turbo, Premium Gasoline",,22MPG1927combined city/hwycityhwy4.5 gal/100 mi,,22,MPG,19,27,,combined city/hwy,city,hwy,4.5 gal/100 mi,NA,,"$2,950","$37,295 – $42,995",13.5 barrels/yr,405 grams/mile, 374 milesTotal Range
"2022 Chevrolet Blazer FWD 3.6 L, 6 cyl, Automatic 9-spd, Regular Gasoline",,22MPG1927combined city/hwycityhwy4.5 gal/100 mi,,22,MPG,19,27,,combined city/hwy,city,hwy,4.5 gal/100 mi,NA,,"$2,400","$33,400 – $41,100",13.5 barrels/yr,405 grams/mile, 427 milesTotal Range
"2022 GMC Acadia FWD 3.6 L, 6 cyl, Automatic 9-spd, Regular Gasoline",,22MPG1927combined city/hwycityhwy4.5 gal/100 mi,,22,MPG,19,27,,combined city/hwy,city,hwy,4.5 gal/100 mi,NA,,"$2,400","$34,800 – $46,600",13.5 barrels/yr,405 grams/mile, 418 milesTotal Range
"2022 Hyundai Santa Cruz AWD 2.5 L, 4 cyl, Automatic (AM-S8), Turbo, Regular Gasoline",,22MPG1927combined city/hwycityhwy4.5 gal/100 mi,,22,MPG,19,27,,combined city/hwy,city,hwy,4.5 gal/100 mi,27.8,,"$2,400","$25,940 – $40,170",13.5 barrels/yr,403 grams/mile, 389 milesTotal Range
"2022 Infiniti Q50 AWD 3.0 L, 6 cyl, Automatic (S7), Turbo, Premium Gasoline",,22MPG1927combined city/hwycityhwy4.5 gal/100 mi,,22,MPG,19,27,,combined city/hwy,city,hwy,4.5 gal/100 mi,NA,,"$2,950","$44,100 – $49,800",13.5 barrels/yr,403 grams/mile, 440 milesTotal Range
"2022 Infiniti Q60 AWD 3.0 L, 6 cyl, Automatic (S7), Turbo, Premium Gasoline",,22MPG1927combined city/hwycityhwy4.5 gal/100 mi,,22,MPG,19,27,,combined city/hwy,city,hwy,4.5 gal/100 mi,NA,,"$2,950","$43,750 – $52,300",13.5 barrels/yr,403 grams/mile, 440 milesTotal Range
"2022 Jeep Cherokee 4WD 3.2 L, 6 cyl, Automatic 9-spd, Regular Gasoline",,22MPG1927combined city/hwycityhwy4.5 gal/100 mi,,22,MPG,19,27,,combined city/hwy,city,hwy,4.5 gal/100 mi,NA,,"$2,400","$31,495 – $39,345",13.5 barrels/yr,400 grams/mile, 348 milesTotal Range
"2022 Mercedes-Benz GLE350 2.0 L, 4 cyl, Automatic 9-spd, Turbo, Premium Gasoline",,22MPG1927combined city/hwycityhwy4.5 gal/100 mi,,22,MPG,19,27,,combined city/hwy,city,hwy,4.5 gal/100 mi,NA,,"$2,950","$56,150",13.5 barrels/yr,398 grams/mile, 495 milesTotal Range
"2022 Volvo XC90 T6 AWD 2.0 L, 4 cyl, Automatic (S8), Turbo, Supercharger, Premium Gasoline",,22MPG1927combined city/hwycityhwy4.5 gal/100 mi,,22,MPG,19,27,,combined city/hwy,city,hwy,4.5 gal/100 mi,NA,,"$2,950","$58,300 – $65,100",13.5 barrels/yr,405 grams/mile, 414 milesTotal Range
"2022 Acura MDX FWD 3.5 L, 6 cyl, Automatic (S10), Premium Gasoline",,22MPG1926combined city/hwycityhwy4.5 gal/100 mi,,22,MPG,19,26,,combined city/hwy,city,hwy,4.5 gal/100 mi,NA,,"$2,950","$48,000 – $52,700",13.5 barrels/yr,411 grams/mile, 407 milesTotal Range
"2022 Ford Mustang HO Convertible 2.3 L, 4 cyl, Automatic (S10), Turbo, Regular Gasoline",,22MPG1926combined city/hwycityhwy4.5 gal/100 mi,,22,MPG,19,26,,combined city/hwy,city,hwy,4.5 gal/100 mi,NA,,"$2,400", ,13.5 barrels/yr,404 grams/mile, 350 milesTotal Range
"2022 Genesis GV70 AWD 2.5 L, 4 cyl, Automatic (S8), Turbo, Premium Gasoline",,22MPG1926combined city/hwycityhwy4.5 gal/100 mi,,22,MPG,19,26,,combined city/hwy,city,hwy,4.5 gal/100 mi,NA,,"$2,950","$41,500 – $53,100",13.5 barrels/yr,408 grams/mile, 383 milesTotal Range
"2022 Honda Pilot AWD 3.5 L, 6 cyl, Automatic (S9), Regular Gasoline",,22MPG1926combined city/hwycityhwy4.5 gal/100 mi,,22,MPG,19,26,,combined city/hwy,city,hwy,4.5 gal/100 mi,NA,,"$2,400","$40,080 – $51,870",13.5 barrels/yr,407 grams/mile, 429 milesTotal Range
"2022 Hyundai Palisade FWD 3.8 L, 6 cyl, Automatic (S8), Regular Gasoline",,22MPG1926combined city/hwycityhwy4.5 gal/100 mi,,22,MPG,19,26,,combined city/hwy,city,hwy,4.5 gal/100 mi,NA,,"$2,400","$33,600 – $47,290",13.5 barrels/yr,407 grams/mile, 414 milesTotal Range
"2022 Infiniti Q50 Red Sport  AWD 3.0 L, 6 cyl, Automatic (S7), Turbo, Premium Gasoline",,22MPG1926combined city/hwycityhwy4.5 gal/100 mi,,22,MPG,19,26,,combined city/hwy,city,hwy,4.5 gal/100 mi,NA,,"$2,950","$57,950",13.5 barrels/yr,411 grams/mile, 440 milesTotal Range
"2022 Jeep Grand Cherokee 2WD 3.6 L, 6 cyl, Automatic 8-spd, Regular Gasoline",,22MPG1926combined city/hwycityhwy4.5 gal/100 mi,,22,MPG,19,26,,combined city/hwy,city,hwy,4.5 gal/100 mi,NA,,"$2,400","$38,325 – $58,300",13.5 barrels/yr,407 grams/mile,Range not available
"2022 Jeep Grand Cherokee 4WD 3.6 L, 6 cyl, Automatic 8-spd, Regular Gasoline",,22MPG1926combined city/hwycityhwy4.5 gal/100 mi,,22,MPG,19,26,,combined city/hwy,city,hwy,4.5 gal/100 mi,NA,,"$2,400","$40,325 – $64,780",13.5 barrels/yr,413 grams/mile, 506 milesTotal Range
"2022 Kia Carnival 3.5 L, 6 cyl, Automatic (S8), Regular Gasoline",,22MPG1926combined city/hwycityhwy4.5 gal/100 mi,,22,MPG,19,26,,combined city/hwy,city,hwy,4.5 gal/100 mi,NA,,"$2,400","$32,300 – $46,300",13.5 barrels/yr,407 grams/mile, 418 milesTotal Range
"2022 Lexus IS 300 AWD 3.5 L, 6 cyl, Automatic (S6), Premium Gasoline",,22MPG1926combined city/hwycityhwy4.5 gal/100 mi,,22,MPG,19,26,,combined city/hwy,city,hwy,4.5 gal/100 mi,NA,,"$2,950","$41,125",13.5 barrels/yr,407 grams/mile, 383 milesTotal Range
"2022 Lexus IS 350 AWD 3.5 L, 6 cyl, Automatic (S6), Premium Gasoline",,22MPG1926combined city/hwycityhwy4.5 gal/100 mi,,22,MPG,19,26,,combined city/hwy,city,hwy,4.5 gal/100 mi,NA,,"$2,950","$45,550",13.5 barrels/yr,407 grams/mile, 383 milesTotal Range
"2022 Lexus RC 300 AWD 3.5 L, 6 cyl, Automatic (S6), Premium Gasoline",,22MPG1926combined city/hwycityhwy4.5 gal/100 mi,,22,MPG,19,26,,combined city/hwy,city,hwy,4.5 gal/100 mi,NA,,"$2,950","$45,510 – $49,465",13.5 barrels/yr,407 grams/mile, 383 milesTotal Range
"2022 Lexus RC 350 AWD 3.5 L, 6 cyl, Automatic (S6), Premium Gasoline",,22MPG1926combined city/hwycityhwy4.5 gal/100 mi,,22,MPG,19,26,,combined city/hwy,city,hwy,4.5 gal/100 mi,NA,,"$2,950","$47,915 – $51,830",13.5 barrels/yr,407 grams/mile, 383 milesTotal Range
"2022 Lexus RX 350 AWD 3.5 L, 6 cyl, Automatic (S8), Regular Gasoline",,22MPG1926combined city/hwycityhwy4.5 gal/100 mi,,22,MPG,19,26,,combined city/hwy,city,hwy,4.5 gal/100 mi,17.7,,"$2,400","$47,320 – $53,200",13.5 barrels/yr,405 grams/mile, 422 milesTotal Range
"2022 Lexus RX 350 L 3.5 L, 6 cyl, Automatic (S8), Regular Gasoline",,22MPG1926combined city/hwycityhwy4.5 gal/100 mi,,22,MPG,19,26,,combined city/hwy,city,hwy,4.5 gal/100 mi,NA,,"$2,400","$48,750 – $54,750",13.5 barrels/yr,407 grams/mile, 422 milesTotal Range
"2022 Mercedes-Benz GLE350 4matic 2.0 L, 4 cyl, Automatic 9-spd, Turbo, Premium Gasoline",,22MPG1926combined city/hwycityhwy4.5 gal/100 mi,,22,MPG,19,26,,combined city/hwy,city,hwy,4.5 gal/100 mi,27.0,,"$2,950","$58,650",13.5 barrels/yr,402 grams/mile, 495 milesTotal Range
"2022 Subaru WRX 2.4 L, 4 cyl, Manual 6-spd, Turbo, Premium Gasoline",,22MPG1926combined city/hwycityhwy4.5 gal/100 mi,,22,MPG,19,26,,combined city/hwy,city,hwy,4.5 gal/100 mi,26.0,,"$2,950","$29,605 – $42,395",13.5 barrels/yr,407 grams/mile, 365 milesTotal Range
"2022 Chevrolet Colorado 2WD 2.5 L, 4 cyl, Automatic 6-spd, Regular Gasoline",,22MPG1925combined city/hwycityhwy4.5 gal/100 mi,,22,MPG,19,25,,combined city/hwy,city,hwy,4.5 gal/100 mi,NA,,"$2,400","$25,200 – $34,800",13.5 barrels/yr,413 grams/mile, 462 milesTotal Range
"2022 GMC Canyon 2WD 2.5 L, 4 cyl, Automatic 6-spd, Regular Gasoline",,22MPG1925combined city/hwycityhwy4.5 gal/100 mi,,22,MPG,19,25,,combined city/hwy,city,hwy,4.5 gal/100 mi,NA,,"$2,400","$26,800 – $41,200",13.5 barrels/yr,413 grams/mile, 462 milesTotal Range
"2022 Mercedes-Benz AMG GLA45 4matic 2.0 L, 4 cyl, Automatic (AM8), Turbo, Premium Gasoline",,22MPG1925combined city/hwycityhwy4.5 gal/100 mi,,22,MPG,19,25,,combined city/hwy,city,hwy,4.5 gal/100 mi,NA,,"$2,950","$54,950",13.5 barrels/yr,409 grams/mile, 297 milesTotal Range
"2022 Porsche 718 Boxster S 2.5 L, 4 cyl, Automatic (AM-S7), Turbo, Premium Gasoline",,22MPG1925combined city/hwycityhwy4.5 gal/100 mi,,22,MPG,19,25,,combined city/hwy,city,hwy,4.5 gal/100 mi,NA,,"$2,950","$74,600",13.5 barrels/yr,410 grams/mile, 372 milesTotal Range
"2022 Porsche 718 Cayman S 2.5 L, 4 cyl, Automatic (AM-S7), Turbo, Premium Gasoline",,22MPG1925combined city/hwycityhwy4.5 gal/100 mi,,22,MPG,19,25,,combined city/hwy,city,hwy,4.5 gal/100 mi,NA,,"$2,950","$72,500",13.5 barrels/yr,410 grams/mile, 372 milesTotal Range
"2022 Chevrolet Camaro 3.6 L, 6 cyl, Automatic (S10), Regular Gasoline",,22MPG1829combined city/hwycityhwy4.5 gal/100 mi,,22,MPG,18,29,,combined city/hwy,city,hwy,4.5 gal/100 mi,NA,,"$2,400", ,13.5 barrels/yr,404 grams/mile, 418 milesTotal Range
"2022 Lexus LS 500 3.4 L, 6 cyl, Automatic (S10), Turbo, Premium Gasoline",,22MPG1829combined city/hwycityhwy4.5 gal/100 mi,,22,MPG,18,29,,combined city/hwy,city,hwy,4.5 gal/100 mi,NA,,"$2,950","$76,100 – $79,700",13.5 barrels/yr,404 grams/mile, 477 milesTotal Range
"2022 Cadillac XT5 Hearse AWD 2.0 L, 4 cyl, Automatic (S9), Turbo, Premium Gasoline",,21MPG2023combined city/hwycityhwy4.8 gal/100 mi,,21,MPG,20,23,,combined city/hwy,city,hwy,4.8 gal/100 mi,NA,,"$3,100", ,14.2 barrels/yr,425 grams/mile,Range not available
"2022 Cadillac XT5 Hearse FWD 2.0 L, 4 cyl, Automatic (S9), Turbo, Premium Gasoline",,21MPG2023combined city/hwycityhwy4.8 gal/100 mi,,21,MPG,20,23,,combined city/hwy,city,hwy,4.8 gal/100 mi,NA,,"$3,100", ,14.2 barrels/yr,425 grams/mile,Range not available
"2022 Cadillac XT5 Limo AWD 2.0 L, 4 cyl, Automatic (S9), Turbo, Premium Gasoline",,21MPG2023combined city/hwycityhwy4.8 gal/100 mi,,21,MPG,20,23,,combined city/hwy,city,hwy,4.8 gal/100 mi,NA,,"$3,100", ,14.2 barrels/yr,425 grams/mile,Range not available
"2022 Cadillac XT5 Limo FWD 2.0 L, 4 cyl, Automatic (S9), Turbo, Premium Gasoline",,21MPG2023combined city/hwycityhwy4.8 gal/100 mi,,21,MPG,20,23,,combined city/hwy,city,hwy,4.8 gal/100 mi,NA,,"$3,100", ,14.2 barrels/yr,425 grams/mile,Range not available
"2022 Toyota Tacoma 2WD 2.7 L, 4 cyl, Automatic (S6), Regular Gasoline",,21MPG2023combined city/hwycityhwy4.8 gal/100 mi,,21,MPG,20,23,,combined city/hwy,city,hwy,4.8 gal/100 mi,NA,,"$2,550","$27,150 – $39,905",14.2 barrels/yr,423 grams/mile, 443 milesTotal Range
"2022 Cadillac XT5 FWD 3.6 L, 6 cyl, Automatic (S9), Regular Gasoline",,21MPG1926combined city/hwycityhwy4.8 gal/100 mi,,21,MPG,19,26,,combined city/hwy,city,hwy,4.8 gal/100 mi,NA,,"$2,550","$43,995 – $48,795",14.2 barrels/yr,419 grams/mile, 399 milesTotal Range
"2022 Cadillac XT6 FWD 3.6 L, 6 cyl, Automatic (S9), Regular Gasoline",,21MPG1926combined city/hwycityhwy4.8 gal/100 mi,,21,MPG,19,26,,combined city/hwy,city,hwy,4.8 gal/100 mi,NA,,"$2,550","$48,595 – $52,995",14.2 barrels/yr,419 grams/mile, 399 milesTotal Range
"2022 Chevrolet Blazer AWD 3.6 L, 6 cyl, Automatic 9-spd, Regular Gasoline",,21MPG1926combined city/hwycityhwy4.8 gal/100 mi,,21,MPG,19,26,,combined city/hwy,city,hwy,4.8 gal/100 mi,NA,,"$2,550","$36,100 – $44,000",14.2 barrels/yr,417 grams/mile, 456 milesTotal Range
"2022 Dodge Durango RWD 3.6 L, 6 cyl, Automatic 8-spd, Regular Gasoline",,21MPG1926combined city/hwycityhwy4.8 gal/100 mi,,21,MPG,19,26,,combined city/hwy,city,hwy,4.8 gal/100 mi,NA,,"$2,550","$37,760 – $55,160",14.2 barrels/yr,414 grams/mile, 517 milesTotal Range
"2022 GMC Acadia AWD 3.6 L, 6 cyl, Automatic 9-spd, Regular Gasoline",,21MPG1926combined city/hwycityhwy4.8 gal/100 mi,,21,MPG,19,26,,combined city/hwy,city,hwy,4.8 gal/100 mi,NA,,"$2,550","$37,100 – $48,600",14.2 barrels/yr,417 grams/mile, 456 milesTotal Range
